<?xml version='1.0' encoding='utf-8'?>
<!DOCTYPE hibernate-mapping PUBLIC
        "-//Hibernate/Hibernate Mapping DTD 3.0//EN"
        "http://www.hibernate.org/dtd/hibernate-mapping-3.0.dtd">
<hibernate-mapping>

    <class name="com.apress.hibernaterecipes.chapter1.model.Book" table="BOOK" lazy="false">
        <id name="isbn">
            <column name="ISBN" sql-type="varchar(13)" not-null="true"/>
        </id>
        <property name="name">
            <column name="NAME" sql-type="varchar(64)" not-null="true" unique="true"/>
        </property>
        <property name="publishdate">
            <column name="PUBLISHDATE" sql-type="date"/>
        </property>
        <property name="price">
            <column name="PRICE" sql-type="decimal" precision="8" scale="2"/>
        </property>
        <many-to-one name="publisher" column="PUBLISHERCODE" cascade="all"/>
    </class>
</hibernate-mapping>