<?xml version="1.0" encoding="UTF-8"?>
<!DOCTYPE hibernate-configuration PUBLIC
        "-//Hibernate/Hibernate Configuration DTD 3.0//EN"
        "http://www.hibernate.org/dtd/hibernate-configuration-3.0.dtd">
<hibernate-configuration>
    <session-factory>
        <property name="connection.driver_class">org.h2.Driver</property>
        <property name="connection.url">jdbc:h2:file:./chapter14</property>
        <property name="hibernate.dialect">org.hibernate.dialect.H2Dialect</property>
        <property name="hibernate.hbm2ddl.auto">create</property>
        <property name="hibernate.show_sql">true</property>
        <property name="hibernate.discriminator.ignore_explicit_for_joined">true</property>
        <property name="connection.username"></property>
        <property name="connection.password"></property>
        <property name="hibernate.c3p0.min_size">5</property>
        <property name="hibernate.c3p0.max_size">10</property>
        <property name="hibernate.c3p0.timeout">300</property>
        <property name="hibernate.c3p0.max_statements">50</property>
        <property name="hibernate.c3p0.acquire_increment">1</property>
        <property name="hibernate.c3p0.idle_test_period">3000</property>
        <mapping class="com.apress.hibernaterecipes.chapter14.model.Book"/>
        <mapping class="com.apress.hibernaterecipes.chapter14.model.Author"/>
    </session-factory>
</hibernate-configuration>