<?xml version="1.0" encoding="UTF-8"?>
<!DOCTYPE hibernate-configuration PUBLIC
        "-//Hibernate/Hibernate Configuration DTD 3.0//EN"
        "http://www.hibernate.org/dtd/hibernate-configuration-3.0.dtd">
<hibernate-configuration>
    <session-factory>
        <property name="connection.driver_class">org.h2.Driver</property>
        <property name="connection.url">jdbc:h2:file:./chapter2</property>
        <property name="hibernate.dialect">org.hibernate.dialect.H2Dialect</property>
        <property name="hibernate.hbm2ddl.auto">create</property>
        <property name="hibernate.show_sql">true</property>
        <mapping class="com.apress.hibernaterecipes.chapter3.model.NonEmbeddedOrder"/>
        <mapping class="com.apress.hibernaterecipes.chapter3.model.OrderWithRelatedContact"/>
        <mapping class="com.apress.hibernaterecipes.chapter3.model.RelatedContact"/>
        <mapping class="com.apress.hibernaterecipes.chapter3.model.OrderWithEmbeddedContact"/>
        <mapping class="com.apress.hibernaterecipes.chapter3.model.Customer"/>
        <mapping class="com.apress.hibernaterecipes.chapter3.model.Address"/>
        <mapping resource="com/apress/hibernaterecipes/chapter3/recipe2/Order.hbm.xml"/>
    </session-factory>
</hibernate-configuration>