<?xml version="1.0" encoding="UTF-8"?> 
<!DOCTYPE hibernate-configuration PUBLIC 
"-//Hibernate/Hibernate Configuration DTD 3.0//EN"
        "http://www.hibernate.org/dtd/hibernate-configuration-3.0.dtd">
<hibernate-configuration> 
	<session-factory>
        <property name="connection.driver_class">org.h2.Driver</property>
        <property name="connection.url">jdbc:h2:file:./chapter2</property>
        <property name="hibernate.dialect">org.hibernate.dialect.H2Dialect</property>
        <property name="hbm2ddl.auto">create</property>
        <property name="show_sql">true</property>
        <mapping package="com.apress.hibernaterecipes.chapter2.recipe1"/>
        <mapping class="com.apress.hibernaterecipes.chapter2.recipe0.Product"/>
        <mapping class="com.apress.hibernaterecipes.chapter2.recipe1.HiloIdEntity"/>
        <mapping class="com.apress.hibernaterecipes.chapter2.recipe1.AutoIdEntity"/>
        <mapping class="com.apress.hibernaterecipes.chapter2.recipe1.IdentityIdEntity"/>
        <mapping class="com.apress.hibernaterecipes.chapter2.recipe1.IncrementIdEntity"/>
        <mapping class="com.apress.hibernaterecipes.chapter2.recipe1.SequenceIdEntity"/>
        <mapping class="com.apress.hibernaterecipes.chapter2.recipe1.TableIdEntity"/>
        <mapping class="com.apress.hibernaterecipes.chapter2.recipe1.UUIDIdEntity"/>
        <mapping class="com.apress.hibernaterecipes.chapter2.recipe1.SequenceStyleIdEntity"/>
        <mapping class="com.apress.hibernaterecipes.chapter2.recipe1.EnhancedTableIdEntity"/>
        <mapping class="com.apress.hibernaterecipes.chapter2.recipe2.Employee"/>
        <mapping class="com.apress.hibernaterecipes.chapter2.recipe2.Book"/>
        <mapping class="com.apress.hibernaterecipes.chapter2.recipe3.MapEntry"/>
        <mapping class="com.apress.hibernaterecipes.chapter2.recipe4.DynamicSQLEntity"/>
        <mapping class="com.apress.hibernaterecipes.chapter2.recipe4.StandardSQLEntity"/>
    </session-factory>
</hibernate-configuration>