<?xml version="1.0" encoding="UTF-8"?>
<!DOCTYPE hibernate-configuration PUBLIC
        "-//Hibernate/Hibernate Configuration DTD 3.0//EN"
        "http://www.hibernate.org/dtd/hibernate-configuration-3.0.dtd">
<hibernate-configuration>
    <session-factory>
        <property name="connection.driver_class">org.h2.Driver</property>
        <property name="connection.url">jdbc:h2:file:./chapter1</property>
        <property name="hibernate.dialect">org.hibernate.dialect.H2Dialect</property>
        <property name="hibernate.show_sql">true</property>
        <property name="hibernate.hbm2ddl.auto">create</property>
        <property name="hibernate.generate_statistics">true</property>
        <mapping resource="com/apress/hibernaterecipes/chapter1/model/Book.hbm.xml"/>
        <mapping resource="com/apress/hibernaterecipes/chapter1/model/Publisher.hbm.xml"/>
    </session-factory>
</hibernate-configuration>