<?xml version="1.0" encoding="UTF-8"?>
<!DOCTYPE hibernate-configuration PUBLIC
        "-//Hibernate/Hibernate Configuration DTD 3.0//EN"
        "http://www.hibernate.org/dtd/hibernate-configuration-3.0.dtd">
<hibernate-configuration>
    <session-factory>
        <property name="connection.driver_class">org.h2.Driver</property>
        <property name="connection.url">jdbc:h2:file:chapter5</property>
        <property name="hibernate.dialect">org.hibernate.dialect.HSQLDialect</property>
        <property name="hibernate.hbm2ddl.auto">create</property>
        <property name="hibernate.show_sql">true</property>
        <property name="hibernate.discriminator.ignore_explicit_for_joined">true</property>
        <property name="connection.username"></property>
        <property name="connection.password"></property>

        <mapping class="com.apress.hibernaterecipes.chapter5.recipe1.Book1"/>
        <mapping class="com.apress.hibernaterecipes.chapter5.recipe1.ReaderErrata1"/>
        <mapping class="com.apress.hibernaterecipes.chapter5.recipe2.Book2"/>
        <mapping class="com.apress.hibernaterecipes.chapter5.recipe2.Publisher2"/>
        <mapping class="com.apress.hibernaterecipes.chapter5.recipe3.Book3"/>
        <mapping class="com.apress.hibernaterecipes.chapter5.recipe3.ReaderErrata3Eager"/>
        <mapping class="com.apress.hibernaterecipes.chapter5.recipe3.ReaderErrata3Lazy"/>
        <mapping class="com.apress.hibernaterecipes.chapter5.recipe4.Address4"/>
        <mapping class="com.apress.hibernaterecipes.chapter5.recipe4.Customer4"/>
        <mapping class="com.apress.hibernaterecipes.chapter5.recipe5.Address5"/>
        <mapping class="com.apress.hibernaterecipes.chapter5.recipe5.Customer5"/>
    </session-factory>
</hibernate-configuration>